Series Name,Series Code,Country Name,Country Code,1990 [YR1990],2000 [YR2000],2012 [YR2012],2013 [YR2013],2014 [YR2014],2015 [YR2015],2016 [YR2016],2017 [YR2017],2018 [YR2018],2019 [YR2019],2020 [YR2020],2021 [YR2021]
"Tasa de incidencia de la pobreza, sobre la base de $1,90 por día (2011 PPA) (% de la población)",SI.POV.DDAY,Guatemala,GTM,..,9.3,..,..,8.8,..,..,..,..,..,..,..
"Tasa de incidencia de la pobreza, sobre la base de $1,90 por día (2011 PPA) (% de la población)",SI.POV.DDAY,Afganistán,AFG,..,..,..,..,..,..,..,..,..,..,..,..
"Tasa de incidencia de la pobreza, sobre la base de $1,90 por día (2011 PPA) (% de la población)",SI.POV.DDAY,Albania,ALB,..,..,0.8,..,1.6,0.2,0.4,0.4,0.1,0,..,..
"Tasa de incidencia de la pobreza, sobre la base de $1,90 por día (2011 PPA) (% de la población)",SI.POV.DDAY,Alemania,DEU,..,0,0,0,0,0,0,0.2,0,..,..,..
"Tasa de incidencia de la pobreza, sobre la base de $1,90 por día (2011 PPA) (% de la población)",SI.POV.DDAY,Andorra,AND,..,..,..,..,..,..,..,..,..,..,..,..
"Tasa de incidencia de la pobreza, sobre la base de $1,90 por día (2011 PPA) (% de la población)",SI.POV.DDAY,Angola,AGO,..,36.4,..,..,..,..,..,..,49.9,..,..,..
"Tasa de incidencia de la pobreza, sobre la base de $1,90 por día (2011 PPA) (% de la población)",SI.POV.DDAY,Antigua y Barbuda,ATG,..,..,..,..,..,..,..,..,..,..,..,..
"Tasa de incidencia de la pobreza, sobre la base de $1,90 por día (2011 PPA) (% de la población)",SI.POV.DDAY,Arabia Saudita,SAU,..,..,..,..,..,..,..,..,..,..,..,..
"Tasa de incidencia de la pobreza, sobre la base de $1,90 por día (2011 PPA) (% de la población)",SI.POV.DDAY,Argelia,DZA,..,..,..,..,..,..,..,..,..,..,..,..
"Tasa de incidencia de la pobreza, sobre la base de $1,90 por día (2011 PPA) (% de la población)",SI.POV.DDAY,Argentina,ARG,..,6.8,1.2,1,0.9,..,1.1,0.9,1.4,1.3,1.6,..
"Tasa de incidencia de la pobreza, sobre la base de $1,90 por día (2011 PPA) (% de la población)",SI.POV.DDAY,Armenia,ARM,..,..,0.9,1.8,1.5,1.3,1.2,0.9,1.4,1.1,0.4,..
"Tasa de incidencia de la pobreza, sobre la base de $1,90 por día (2011 PPA) (% de la población)",SI.POV.DDAY,Aruba,ABW,..,..,..,..,..,..,..,..,..,..,..,..
"Tasa de incidencia de la pobreza, sobre la base de $1,90 por día (2011 PPA) (% de la población)",SI.POV.DDAY,Australia,AUS,..,..,..,..,0.5,..,0.5,..,0.5,..,..,..
"Tasa de incidencia de la pobreza, sobre la base de $1,90 por día (2011 PPA) (% de la población)",SI.POV.DDAY,Austria,AUT,..,0.2,0.6,0.3,0.2,0.7,0.7,0.3,0.6,0.6,..,..
"Tasa de incidencia de la pobreza, sobre la base de $1,90 por día (2011 PPA) (% de la población)",SI.POV.DDAY,Azerbaiyán,AZE,..,..,..,..,..,..,..,..,..,..,..,..
"Tasa de incidencia de la pobreza, sobre la base de $1,90 por día (2011 PPA) (% de la población)",SI.POV.DDAY,Bahamas,BHS,..,..,..,..,..,..,..,..,..,..,..,..
"Tasa de incidencia de la pobreza, sobre la base de $1,90 por día (2011 PPA) (% de la población)",SI.POV.DDAY,Bahrein,BHR,..,..,..,..,..,..,..,..,..,..,..,..
"Tasa de incidencia de la pobreza, sobre la base de $1,90 por día (2011 PPA) (% de la población)",SI.POV.DDAY,Bangladesh,BGD,..,34.2,..,..,..,..,14.3,..,..,..,..,..
"Tasa de incidencia de la pobreza, sobre la base de $1,90 por día (2011 PPA) (% de la población)",SI.POV.DDAY,Barbados,BRB,..,..,..,..,..,..,..,..,..,..,..,..
"Tasa de incidencia de la pobreza, sobre la base de $1,90 por día (2011 PPA) (% de la población)",SI.POV.DDAY,Belarús,BLR,..,7.3,0,0,0,0,0,0,0,0,0,..
"Tasa de incidencia de la pobreza, sobre la base de $1,90 por día (2011 PPA) (% de la población)",SI.POV.DDAY,Bélgica,BEL,..,0.3,0.2,0.1,0.1,0.1,0.1,0.1,0.1,0.1,..,..
"Tasa de incidencia de la pobreza, sobre la base de $1,90 por día (2011 PPA) (% de la población)",SI.POV.DDAY,Belice,BLZ,..,..,..,..,..,..,..,..,..,..,..,..
"Tasa de incidencia de la pobreza, sobre la base de $1,90 por día (2011 PPA) (% de la población)",SI.POV.DDAY,Benin,BEN,..,..,..,..,..,49.6,..,..,19.2,..,..,..
"Tasa de incidencia de la pobreza, sobre la base de $1,90 por día (2011 PPA) (% de la población)",SI.POV.DDAY,Bermudas,BMU,..,..,..,..,..,..,..,..,..,..,..,..
"Tasa de incidencia de la pobreza, sobre la base de $1,90 por día (2011 PPA) (% de la población)",SI.POV.DDAY,Bhután,BTN,..,..,2.2,..,..,..,..,1.5,..,..,..,..
"Tasa de incidencia de la pobreza, sobre la base de $1,90 por día (2011 PPA) (% de la población)",SI.POV.DDAY,Bolivia,BOL,..,28.6,8.2,6.9,5.7,6.3,7.5,6.5,4.9,3.2,4.4,..
"Tasa de incidencia de la pobreza, sobre la base de $1,90 por día (2011 PPA) (% de la población)",SI.POV.DDAY,Bosnia y Herzegovina,BIH,..,..,..,..,..,..,..,..,..,..,..,..
"Tasa de incidencia de la pobreza, sobre la base de $1,90 por día (2011 PPA) (% de la población)",SI.POV.DDAY,Botswana,BWA,..,..,..,..,..,14.5,..,..,..,..,..,..
"Tasa de incidencia de la pobreza, sobre la base de $1,90 por día (2011 PPA) (% de la población)",SI.POV.DDAY,Brasil,BRA,21.5,..,3.9,3.2,2.9,3.4,4.1,4.7,4.7,4.9,1.7,..
"Tasa de incidencia de la pobreza, sobre la base de $1,90 por día (2011 PPA) (% de la población)",SI.POV.DDAY,Brunei Darussalam,BRN,..,..,..,..,..,..,..,..,..,..,..,..
"Tasa de incidencia de la pobreza, sobre la base de $1,90 por día (2011 PPA) (% de la población)",SI.POV.DDAY,Bulgaria,BGR,..,..,2.2,1.8,1.6,3.4,1.9,1.4,0.9,0.9,..,..
"Tasa de incidencia de la pobreza, sobre la base de $1,90 por día (2011 PPA) (% de la población)",SI.POV.DDAY,Burkina Faso,BFA,..,..,..,..,43.8,..,..,..,33.7,..,..,..
"Tasa de incidencia de la pobreza, sobre la base de $1,90 por día (2011 PPA) (% de la población)",SI.POV.DDAY,Burundi,BDI,..,..,..,72.8,..,..,..,..,..,..,..,..
"Tasa de incidencia de la pobreza, sobre la base de $1,90 por día (2011 PPA) (% de la población)",SI.POV.DDAY,Cabo Verde,CPV,..,..,..,..,..,3.4,..,..,..,..,..,..
"Tasa de incidencia de la pobreza, sobre la base de $1,90 por día (2011 PPA) (% de la población)",SI.POV.DDAY,Camboya,KHM,..,..,..,..,..,..,..,..,..,..,..,..
"Tasa de incidencia de la pobreza, sobre la base de $1,90 por día (2011 PPA) (% de la población)",SI.POV.DDAY,Camerún,CMR,..,..,..,..,26,..,..,..,..,..,..,..
"Tasa de incidencia de la pobreza, sobre la base de $1,90 por día (2011 PPA) (% de la población)",SI.POV.DDAY,Canadá,CAN,..,0.2,0.2,0.5,0.2,0.2,0.2,0.2,..,..,..,..
"Tasa de incidencia de la pobreza, sobre la base de $1,90 por día (2011 PPA) (% de la población)",SI.POV.DDAY,Chad,TCD,..,..,..,..,..,..,..,..,33.2,..,..,..
"Tasa de incidencia de la pobreza, sobre la base de $1,90 por día (2011 PPA) (% de la población)",SI.POV.DDAY,Chile,CHL,7.9,4.3,..,0.4,..,0.3,..,0.3,..,..,0.7,..
"Tasa de incidencia de la pobreza, sobre la base de $1,90 por día (2011 PPA) (% de la población)",SI.POV.DDAY,China,CHN,66.3,..,6.5,1.9,1.4,0.7,0.5,0.4,0.3,0.1,..,..
"Tasa de incidencia de la pobreza, sobre la base de $1,90 por día (2011 PPA) (% de la población)",SI.POV.DDAY,Chipre,CYP,..,..,0,0.1,0.1,0,0,0,0,0.2,..,..
"Tasa de incidencia de la pobreza, sobre la base de $1,90 por día (2011 PPA) (% de la población)",SI.POV.DDAY,Colombia,COL,..,16.8,6.2,5.6,5,4.6,4.5,4,4.2,4.9,10.3,..
"Tasa de incidencia de la pobreza, sobre la base de $1,90 por día (2011 PPA) (% de la población)",SI.POV.DDAY,Comoras,COM,..,..,..,..,19.1,..,..,..,..,..,..,..
"Tasa de incidencia de la pobreza, sobre la base de $1,90 por día (2011 PPA) (% de la población)",SI.POV.DDAY,"Congo, República del",COG,..,..,..,..,..,..,..,..,..,..,..,..
"Tasa de incidencia de la pobreza, sobre la base de $1,90 por día (2011 PPA) (% de la población)",SI.POV.DDAY,"Congo, República Democrática del",COD,..,..,77.2,..,..,..,..,..,..,..,..,..
"Tasa de incidencia de la pobreza, sobre la base de $1,90 por día (2011 PPA) (% de la población)",SI.POV.DDAY,"Corea, República de",KOR,..,..,0.2,..,0.2,..,0.2,..,..,..,..,..
"Tasa de incidencia de la pobreza, sobre la base de $1,90 por día (2011 PPA) (% de la población)",SI.POV.DDAY,"Corea, República Popular Democrática de",PRK,..,..,..,..,..,..,..,..,..,..,..,..
"Tasa de incidencia de la pobreza, sobre la base de $1,90 por día (2011 PPA) (% de la población)",SI.POV.DDAY,Costa Rica,CRI,10.2,6.7,1.6,1.6,1.5,1.5,1.3,1.1,1.5,1,2.1,..
"Tasa de incidencia de la pobreza, sobre la base de $1,90 por día (2011 PPA) (% de la población)",SI.POV.DDAY,Côte d'Ivoire,CIV,..,..,..,..,..,29.8,..,..,9.2,..,..,..
"Tasa de incidencia de la pobreza, sobre la base de $1,90 por día (2011 PPA) (% de la población)",SI.POV.DDAY,Croacia,HRV,..,..,0.8,0.7,1,0.6,0.6,0.5,0.4,0.3,..,..
"Tasa de incidencia de la pobreza, sobre la base de $1,90 por día (2011 PPA) (% de la población)",SI.POV.DDAY,Cuba,CUB,..,..,..,..,..,..,..,..,..,..,..,..
"Tasa de incidencia de la pobreza, sobre la base de $1,90 por día (2011 PPA) (% de la población)",SI.POV.DDAY,Curacao,CUW,..,..,..,..,..,..,..,..,..,..,..,..
"Tasa de incidencia de la pobreza, sobre la base de $1,90 por día (2011 PPA) (% de la población)",SI.POV.DDAY,Dinamarca,DNK,..,0,0,0.3,0.2,0.2,0.3,0.1,0.2,0.3,..,..
"Tasa de incidencia de la pobreza, sobre la base de $1,90 por día (2011 PPA) (% de la población)",SI.POV.DDAY,Djibouti,DJI,..,..,18.2,22.3,..,..,..,17,..,..,..,..
"Tasa de incidencia de la pobreza, sobre la base de $1,90 por día (2011 PPA) (% de la población)",SI.POV.DDAY,Dominica,DMA,..,..,..,..,..,..,..,..,..,..,..,..
"Tasa de incidencia de la pobreza, sobre la base de $1,90 por día (2011 PPA) (% de la población)",SI.POV.DDAY,Ecuador,ECU,..,28.4,4.5,3.2,2.6,3.5,3.6,3.2,3.3,3.6,6.5,..
"Tasa de incidencia de la pobreza, sobre la base de $1,90 por día (2011 PPA) (% de la población)",SI.POV.DDAY,"Egipto, República Árabe de",EGY,8.7,..,1.5,..,..,1.6,..,3.8,..,..,..,..
"Tasa de incidencia de la pobreza, sobre la base de $1,90 por día (2011 PPA) (% de la población)",SI.POV.DDAY,El Salvador,SLV,..,12.4,4.2,3.4,3.1,2,2.3,1.9,1.5,1.3,..,..
"Tasa de incidencia de la pobreza, sobre la base de $1,90 por día (2011 PPA) (% de la población)",SI.POV.DDAY,Emiratos Árabes Unidos,ARE,..,..,..,0,..,..,..,..,0,..,..,..
"Tasa de incidencia de la pobreza, sobre la base de $1,90 por día (2011 PPA) (% de la población)",SI.POV.DDAY,Eritrea,ERI,..,..,..,..,..,..,..,..,..,..,..,..
"Tasa de incidencia de la pobreza, sobre la base de $1,90 por día (2011 PPA) (% de la población)",SI.POV.DDAY,Eslovenia,SVN,..,..,0,0,0,0,0,0,0,0,..,..
"Tasa de incidencia de la pobreza, sobre la base de $1,90 por día (2011 PPA) (% de la población)",SI.POV.DDAY,España,ESP,0.5,0.5,0.9,1.2,0.8,0.9,1.2,0.7,0.9,0.8,..,..
"Tasa de incidencia de la pobreza, sobre la base de $1,90 por día (2011 PPA) (% de la población)",SI.POV.DDAY,Estados Unidos,USA,..,0.7,1,1,1.2,1.2,1,1.2,1,1,..,..
"Tasa de incidencia de la pobreza, sobre la base de $1,90 por día (2011 PPA) (% de la población)",SI.POV.DDAY,Estonia,EST,..,..,0.7,0.8,0.7,0.6,0.5,0.3,0.2,0.5,..,..
"Tasa de incidencia de la pobreza, sobre la base de $1,90 por día (2011 PPA) (% de la población)",SI.POV.DDAY,Eswatini,SWZ,..,48.9,..,..,..,..,29.2,..,..,..,..,..
"Tasa de incidencia de la pobreza, sobre la base de $1,90 por día (2011 PPA) (% de la población)",SI.POV.DDAY,Etiopía,ETH,..,..,..,..,..,30.8,..,..,..,..,..,..
"Tasa de incidencia de la pobreza, sobre la base de $1,90 por día (2011 PPA) (% de la población)",SI.POV.DDAY,Federación de Rusia,RUS,..,3.1,0,0,0,0,0,0,0,0,0,..
"Tasa de incidencia de la pobreza, sobre la base de $1,90 por día (2011 PPA) (% de la población)",SI.POV.DDAY,Fiji,FJI,..,..,..,0.5,..,..,..,..,..,1.8,..,..
"Tasa de incidencia de la pobreza, sobre la base de $1,90 por día (2011 PPA) (% de la población)",SI.POV.DDAY,Filipinas,PHL,..,13.7,10.4,..,..,6.1,..,..,2.7,..,..,..
"Tasa de incidencia de la pobreza, sobre la base de $1,90 por día (2011 PPA) (% de la población)",SI.POV.DDAY,Finlandia,FIN,..,0,0.1,0.1,0.1,0.1,0,0.1,0.1,0,..,..
"Tasa de incidencia de la pobreza, sobre la base de $1,90 por día (2011 PPA) (% de la población)",SI.POV.DDAY,Francia,FRA,..,0,0.1,0.1,0,0.1,0.1,0,0,..,..,..
"Tasa de incidencia de la pobreza, sobre la base de $1,90 por día (2011 PPA) (% de la población)",SI.POV.DDAY,Gabón,GAB,..,..,..,..,..,..,..,3.4,..,..,..,..
"Tasa de incidencia de la pobreza, sobre la base de $1,90 por día (2011 PPA) (% de la población)",SI.POV.DDAY,Gambia,GMB,..,..,..,..,..,10.3,..,..,..,..,..,..
"Tasa de incidencia de la pobreza, sobre la base de $1,90 por día (2011 PPA) (% de la población)",SI.POV.DDAY,Georgia,GEO,..,19.2,8.5,6.4,4.9,3.7,3.8,5,4.5,3.8,4.2,..
"Tasa de incidencia de la pobreza, sobre la base de $1,90 por día (2011 PPA) (% de la población)",SI.POV.DDAY,Ghana,GHA,..,..,11.2,..,..,..,12.7,..,..,..,..,..
"Tasa de incidencia de la pobreza, sobre la base de $1,90 por día (2011 PPA) (% de la población)",SI.POV.DDAY,Gibraltar,GIB,..,..,..,..,..,..,..,..,..,..,..,..
"Tasa de incidencia de la pobreza, sobre la base de $1,90 por día (2011 PPA) (% de la población)",SI.POV.DDAY,Granada,GRD,..,..,..,..,..,..,..,..,..,..,..,..
"Tasa de incidencia de la pobreza, sobre la base de $1,90 por día (2011 PPA) (% de la población)",SI.POV.DDAY,Grecia,GRC,..,0.5,1.5,1,1.5,1.4,1.1,0.9,0.1,0.7,..,..
"Tasa de incidencia de la pobreza, sobre la base de $1,90 por día (2011 PPA) (% de la población)",SI.POV.DDAY,Groenlandia,GRL,..,..,..,..,..,..,..,..,..,..,..,..
"Tasa de incidencia de la pobreza, sobre la base de $1,90 por día (2011 PPA) (% de la población)",SI.POV.DDAY,Guam,GUM,..,..,..,..,..,..,..,..,..,..,..,..
"Tasa de incidencia de la pobreza, sobre la base de $1,90 por día (2011 PPA) (% de la población)",SI.POV.DDAY,Guinea,GIN,..,..,36.1,..,..,..,..,..,23.2,..,..,..
"Tasa de incidencia de la pobreza, sobre la base de $1,90 por día (2011 PPA) (% de la población)",SI.POV.DDAY,Guinea Ecuatorial,GNQ,..,..,..,..,..,..,..,..,..,..,..,..
"Tasa de incidencia de la pobreza, sobre la base de $1,90 por día (2011 PPA) (% de la población)",SI.POV.DDAY,Guinea-Bissau,GNB,..,..,..,..,..,..,..,..,24.7,..,..,..
"Tasa de incidencia de la pobreza, sobre la base de $1,90 por día (2011 PPA) (% de la población)",SI.POV.DDAY,Guyana,GUY,..,..,..,..,..,..,..,..,..,..,..,..
"Tasa de incidencia de la pobreza, sobre la base de $1,90 por día (2011 PPA) (% de la población)",SI.POV.DDAY,Haití,HTI,..,..,24.5,..,..,..,..,..,..,..,..,..
"Tasa de incidencia de la pobreza, sobre la base de $1,90 por día (2011 PPA) (% de la población)",SI.POV.DDAY,Honduras,HND,45,..,19,16.4,15.2,14.9,16.1,15.4,15.8,14.8,..,..
"Tasa de incidencia de la pobreza, sobre la base de $1,90 por día (2011 PPA) (% de la población)",SI.POV.DDAY,"Hong Kong, Región Administrativa Especial",HKG,..,..,..,..,..,..,..,..,..,..,..,..
"Tasa de incidencia de la pobreza, sobre la base de $1,90 por día (2011 PPA) (% de la población)",SI.POV.DDAY,Hungría,HUN,..,..,0.3,0.1,0.6,0.6,1.3,0.6,0.2,0.3,..,..
"Tasa de incidencia de la pobreza, sobre la base de $1,90 por día (2011 PPA) (% de la población)",SI.POV.DDAY,India,IND,..,..,..,..,..,..,..,..,..,..,..,..
"Tasa de incidencia de la pobreza, sobre la base de $1,90 por día (2011 PPA) (% de la población)",SI.POV.DDAY,Indonesia,IDN,54.9,34.9,9.5,7.3,6.2,5.8,5.2,4.5,3.6,2.7,2.3,2.2
"Tasa de incidencia de la pobreza, sobre la base de $1,90 por día (2011 PPA) (% de la población)",SI.POV.DDAY,"Irán, República Islámica del",IRN,6.2,..,..,0.2,0.4,0.4,0.4,0.4,0.5,0.6,..,..
"Tasa de incidencia de la pobreza, sobre la base de $1,90 por día (2011 PPA) (% de la población)",SI.POV.DDAY,Iraq,IRQ,..,..,1.7,..,..,..,..,..,..,..,..,..
"Tasa de incidencia de la pobreza, sobre la base de $1,90 por día (2011 PPA) (% de la población)",SI.POV.DDAY,Irlanda,IRL,..,0.2,0.2,0.7,0.4,0.3,0.1,0.2,0,..,..,..
"Tasa de incidencia de la pobreza, sobre la base de $1,90 por día (2011 PPA) (% de la población)",SI.POV.DDAY,Isla de Man,IMN,..,..,..,..,..,..,..,..,..,..,..,..
"Tasa de incidencia de la pobreza, sobre la base de $1,90 por día (2011 PPA) (% de la población)",SI.POV.DDAY,Isla de San Martín (parte francesa),MAF,..,..,..,..,..,..,..,..,..,..,..,..
"Tasa de incidencia de la pobreza, sobre la base de $1,90 por día (2011 PPA) (% de la población)",SI.POV.DDAY,Islandia,ISL,..,..,0,0,0,0,0,0,..,..,..,..
"Tasa de incidencia de la pobreza, sobre la base de $1,90 por día (2011 PPA) (% de la población)",SI.POV.DDAY,Islas Caimán,CYM,..,..,..,..,..,..,..,..,..,..,..,..
"Tasa de incidencia de la pobreza, sobre la base de $1,90 por día (2011 PPA) (% de la población)",SI.POV.DDAY,Islas del Canal,CHI,..,..,..,..,..,..,..,..,..,..,..,..
"Tasa de incidencia de la pobreza, sobre la base de $1,90 por día (2011 PPA) (% de la población)",SI.POV.DDAY,Islas Feroe,FRO,..,..,..,..,..,..,..,..,..,..,..,..
"Tasa de incidencia de la pobreza, sobre la base de $1,90 por día (2011 PPA) (% de la población)",SI.POV.DDAY,Islas Marshall,MHL,..,..,..,..,..,..,..,..,..,0.8,..,..
"Tasa de incidencia de la pobreza, sobre la base de $1,90 por día (2011 PPA) (% de la población)",SI.POV.DDAY,Islas Salomón,SLB,..,..,24.7,..,..,..,..,..,..,..,..,..
"Tasa de incidencia de la pobreza, sobre la base de $1,90 por día (2011 PPA) (% de la población)",SI.POV.DDAY,Islas Turcas y Caicos,TCA,..,..,..,..,..,..,..,..,..,..,..,..
"Tasa de incidencia de la pobreza, sobre la base de $1,90 por día (2011 PPA) (% de la población)",SI.POV.DDAY,Islas Vírgenes (EE.UU.),VIR,..,..,..,..,..,..,..,..,..,..,..,..
"Tasa de incidencia de la pobreza, sobre la base de $1,90 por día (2011 PPA) (% de la población)",SI.POV.DDAY,Islas Vírgenes Británicas,VGB,..,..,..,..,..,..,..,..,..,..,..,..
"Tasa de incidencia de la pobreza, sobre la base de $1,90 por día (2011 PPA) (% de la población)",SI.POV.DDAY,Israel,ISR,..,..,0.5,0.5,0.5,0.5,0.2,0.5,0.2,..,..,..
"Tasa de incidencia de la pobreza, sobre la base de $1,90 por día (2011 PPA) (% de la población)",SI.POV.DDAY,Italia,ITA,..,1.2,1.2,1.4,1.2,1.9,1.6,1.4,1.5,..,..,..
"Tasa de incidencia de la pobreza, sobre la base de $1,90 por día (2011 PPA) (% de la población)",SI.POV.DDAY,Jamaica,JAM,4.6,..,..,..,..,..,..,..,..,..,..,..
"Tasa de incidencia de la pobreza, sobre la base de $1,90 por día (2011 PPA) (% de la población)",SI.POV.DDAY,Japón,JPN,..,..,..,0.7,..,..,..,..,..,..,..,..
"Tasa de incidencia de la pobreza, sobre la base de $1,90 por día (2011 PPA) (% de la población)",SI.POV.DDAY,Jordania,JOR,..,..,..,..,..,..,..,..,..,..,..,..
"Tasa de incidencia de la pobreza, sobre la base de $1,90 por día (2011 PPA) (% de la población)",SI.POV.DDAY,Kazajstán,KAZ,..,..,0,0,0,0,0,0,0,..,..,..
"Tasa de incidencia de la pobreza, sobre la base de $1,90 por día (2011 PPA) (% de la población)",SI.POV.DDAY,Kenya,KEN,..,..,..,..,..,37.1,..,..,..,..,..,..
"Tasa de incidencia de la pobreza, sobre la base de $1,90 por día (2011 PPA) (% de la población)",SI.POV.DDAY,Kirguistán,KGZ,..,35.1,2.5,2.2,0.9,1.8,1,1.1,0.6,0.6,1.1,..
"Tasa de incidencia de la pobreza, sobre la base de $1,90 por día (2011 PPA) (% de la población)",SI.POV.DDAY,Kiribati,KIR,..,..,..,..,..,..,..,..,..,1.3,..,..
"Tasa de incidencia de la pobreza, sobre la base de $1,90 por día (2011 PPA) (% de la población)",SI.POV.DDAY,Kosovo,XKX,..,..,0.6,0.3,1,0.7,0.8,0.4,..,..,..,..
"Tasa de incidencia de la pobreza, sobre la base de $1,90 por día (2011 PPA) (% de la población)",SI.POV.DDAY,Kuwait,KWT,..,..,..,..,..,..,..,..,..,..,..,..
"Tasa de incidencia de la pobreza, sobre la base de $1,90 por día (2011 PPA) (% de la población)",SI.POV.DDAY,Lesotho,LSO,..,..,..,..,..,..,..,27.2,..,..,..,..
"Tasa de incidencia de la pobreza, sobre la base de $1,90 por día (2011 PPA) (% de la población)",SI.POV.DDAY,Letonia,LVA,..,..,1,1.1,0.8,0.6,0.6,0.8,0.3,0.2,..,..
"Tasa de incidencia de la pobreza, sobre la base de $1,90 por día (2011 PPA) (% de la población)",SI.POV.DDAY,Líbano,LBN,..,..,..,..,..,..,..,..,..,..,..,..
"Tasa de incidencia de la pobreza, sobre la base de $1,90 por día (2011 PPA) (% de la población)",SI.POV.DDAY,Liberia,LBR,..,..,..,..,41.7,..,44.4,..,..,..,..,..
"Tasa de incidencia de la pobreza, sobre la base de $1,90 por día (2011 PPA) (% de la población)",SI.POV.DDAY,Libia,LBY,..,..,..,..,..,..,..,..,..,..,..,..
"Tasa de incidencia de la pobreza, sobre la base de $1,90 por día (2011 PPA) (% de la población)",SI.POV.DDAY,Liechtenstein,LIE,..,..,..,..,..,..,..,..,..,..,..,..
"Tasa de incidencia de la pobreza, sobre la base de $1,90 por día (2011 PPA) (% de la población)",SI.POV.DDAY,Lituania,LTU,..,..,0.9,0.7,1.3,0.7,1.3,1,0.9,0.5,..,..
"Tasa de incidencia de la pobreza, sobre la base de $1,90 por día (2011 PPA) (% de la población)",SI.POV.DDAY,Luxemburgo,LUX,..,0,0,0.1,0.1,0.3,0.1,0.3,0.3,0.1,..,..
"Tasa de incidencia de la pobreza, sobre la base de $1,90 por día (2011 PPA) (% de la población)",SI.POV.DDAY,Macedonia del Norte,MKD,..,..,6.9,5.2,4.5,5.5,4.3,4.6,3.4,..,..,..
"Tasa de incidencia de la pobreza, sobre la base de $1,90 por día (2011 PPA) (% de la población)",SI.POV.DDAY,Madagascar,MDG,..,..,78.8,..,..,..,..,..,..,..,..,..
"Tasa de incidencia de la pobreza, sobre la base de $1,90 por día (2011 PPA) (% de la población)",SI.POV.DDAY,Malasia,MYS,..,..,..,0,..,0,..,..,..,..,..,..
"Tasa de incidencia de la pobreza, sobre la base de $1,90 por día (2011 PPA) (% de la población)",SI.POV.DDAY,Malawi,MWI,..,..,..,..,..,..,69.2,..,..,73.5,..,..
"Tasa de incidencia de la pobreza, sobre la base de $1,90 por día (2011 PPA) (% de la población)",SI.POV.DDAY,Maldivas,MDV,..,..,..,..,..,..,0,..,..,0,..,..
"Tasa de incidencia de la pobreza, sobre la base de $1,90 por día (2011 PPA) (% de la población)",SI.POV.DDAY,Malí,MLI,..,..,..,..,..,..,..,..,16.3,..,..,..
"Tasa de incidencia de la pobreza, sobre la base de $1,90 por día (2011 PPA) (% de la población)",SI.POV.DDAY,Malta,MLT,..,..,0.1,0,0,0.1,0.1,0.2,0.1,0.3,..,..
"Tasa de incidencia de la pobreza, sobre la base de $1,90 por día (2011 PPA) (% de la población)",SI.POV.DDAY,Mariana,MNP,..,..,..,..,..,..,..,..,..,..,..,..
"Tasa de incidencia de la pobreza, sobre la base de $1,90 por día (2011 PPA) (% de la población)",SI.POV.DDAY,Marruecos,MAR,2.9,5.8,..,0.9,..,..,..,..,..,..,..,..
"Tasa de incidencia de la pobreza, sobre la base de $1,90 por día (2011 PPA) (% de la población)",SI.POV.DDAY,Mauricio,MUS,..,..,0.6,..,..,..,..,0.2,..,..,..,..
"Tasa de incidencia de la pobreza, sobre la base de $1,90 por día (2011 PPA) (% de la población)",SI.POV.DDAY,Mauritania,MRT,..,20.4,..,..,6,..,..,..,..,..,..,..
"Tasa de incidencia de la pobreza, sobre la base de $1,90 por día (2011 PPA) (% de la población)",SI.POV.DDAY,México,MEX,..,9,3.8,..,3.7,..,3.2,..,2.7,..,3.1,..
"Tasa de incidencia de la pobreza, sobre la base de $1,90 por día (2011 PPA) (% de la población)",SI.POV.DDAY,Micronesia (Estados Federados de),FSM,..,..,..,15.4,..,..,..,..,..,..,..,..
"Tasa de incidencia de la pobreza, sobre la base de $1,90 por día (2011 PPA) (% de la población)",SI.POV.DDAY,Mónaco,MCO,..,..,..,..,..,..,..,..,..,..,..,..
"Tasa de incidencia de la pobreza, sobre la base de $1,90 por día (2011 PPA) (% de la población)",SI.POV.DDAY,Mongolia,MNG,..,..,0.4,..,0.2,..,0.5,..,0.5,..,..,..
"Tasa de incidencia de la pobreza, sobre la base de $1,90 por día (2011 PPA) (% de la población)",SI.POV.DDAY,Montenegro,MNE,..,..,3.4,3.2,1.7,1.4,2.5,3.4,2.9,..,..,..
"Tasa de incidencia de la pobreza, sobre la base de $1,90 por día (2011 PPA) (% de la población)",SI.POV.DDAY,Mozambique,MOZ,..,..,..,..,63.7,..,..,..,..,..,..,..
"Tasa de incidencia de la pobreza, sobre la base de $1,90 por día (2011 PPA) (% de la población)",SI.POV.DDAY,Myanmar,MMR,..,..,..,..,..,4.8,..,1.4,..,..,..,..
"Tasa de incidencia de la pobreza, sobre la base de $1,90 por día (2011 PPA) (% de la población)",SI.POV.DDAY,Namibia,NAM,..,..,..,..,..,13.8,..,..,..,..,..,..
"Tasa de incidencia de la pobreza, sobre la base de $1,90 por día (2011 PPA) (% de la población)",SI.POV.DDAY,Nauru,NRU,..,..,0.9,..,..,..,..,..,..,..,..,..
"Tasa de incidencia de la pobreza, sobre la base de $1,90 por día (2011 PPA) (% de la población)",SI.POV.DDAY,Nepal,NPL,..,..,..,..,..,..,..,..,..,..,..,..
"Tasa de incidencia de la pobreza, sobre la base de $1,90 por día (2011 PPA) (% de la población)",SI.POV.DDAY,Nicaragua,NIC,..,..,..,..,3.4,..,..,..,..,..,..,..
"Tasa de incidencia de la pobreza, sobre la base de $1,90 por día (2011 PPA) (% de la población)",SI.POV.DDAY,Níger,NER,..,..,..,..,45.4,..,..,..,41.4,..,..,..
"Tasa de incidencia de la pobreza, sobre la base de $1,90 por día (2011 PPA) (% de la población)",SI.POV.DDAY,Nigeria,NGA,..,..,42.5,..,..,40.7,..,..,39.1,..,..,..
"Tasa de incidencia de la pobreza, sobre la base de $1,90 por día (2011 PPA) (% de la población)",SI.POV.DDAY,Noruega,NOR,..,0.2,0.1,0.1,0.1,0.1,0.3,0.3,0.3,0.2,..,..
"Tasa de incidencia de la pobreza, sobre la base de $1,90 por día (2011 PPA) (% de la población)",SI.POV.DDAY,Nueva Caledonia,NCL,..,..,..,..,..,..,..,..,..,..,..,..
"Tasa de incidencia de la pobreza, sobre la base de $1,90 por día (2011 PPA) (% de la población)",SI.POV.DDAY,Nueva Zelandia,NZL,..,..,..,..,..,..,..,..,..,..,..,..
"Tasa de incidencia de la pobreza, sobre la base de $1,90 por día (2011 PPA) (% de la población)",SI.POV.DDAY,Omán,OMN,..,..,..,..,..,..,..,..,..,..,..,..
"Tasa de incidencia de la pobreza, sobre la base de $1,90 por día (2011 PPA) (% de la población)",SI.POV.DDAY,Países Bajos,NLD,1,..,0.1,0.1,0.1,0.1,0,0.2,0.1,0.1,..,..
"Tasa de incidencia de la pobreza, sobre la base de $1,90 por día (2011 PPA) (% de la población)",SI.POV.DDAY,Pakistán,PAK,60.6,..,..,5.7,..,3.8,..,..,3.6,..,..,..
"Tasa de incidencia de la pobreza, sobre la base de $1,90 por día (2011 PPA) (% de la población)",SI.POV.DDAY,Palau,PLW,..,..,..,..,..,..,..,..,..,..,..,..
"Tasa de incidencia de la pobreza, sobre la base de $1,90 por día (2011 PPA) (% de la población)",SI.POV.DDAY,Panamá,PAN,..,12.3,4.1,2.8,3.5,2,2.2,2.5,1.7,1.2,..,..
"Tasa de incidencia de la pobreza, sobre la base de $1,90 por día (2011 PPA) (% de la población)",SI.POV.DDAY,Papua Nueva Guinea,PNG,..,..,..,..,..,..,..,..,..,..,..,..
"Tasa de incidencia de la pobreza, sobre la base de $1,90 por día (2011 PPA) (% de la población)",SI.POV.DDAY,Paraguay,PRY,1,..,3.2,1.7,2.2,1.7,1.5,0.9,1.3,0.9,0.8,..
"Tasa de incidencia de la pobreza, sobre la base de $1,90 por día (2011 PPA) (% de la población)",SI.POV.DDAY,Perú,PER,..,16.4,4.8,4.4,3.7,3.6,3.5,3.4,2.7,2.2,4.4,..
"Tasa de incidencia de la pobreza, sobre la base de $1,90 por día (2011 PPA) (% de la población)",SI.POV.DDAY,Polinesia Francesa,PYF,..,..,..,..,..,..,..,..,..,..,..,..
"Tasa de incidencia de la pobreza, sobre la base de $1,90 por día (2011 PPA) (% de la población)",SI.POV.DDAY,Polonia,POL,..,..,0.2,0.4,0.3,0.4,0.2,0.3,0.2,..,..,..
"Tasa de incidencia de la pobreza, sobre la base de $1,90 por día (2011 PPA) (% de la población)",SI.POV.DDAY,Portugal,PRT,..,..,0.7,0.8,0.5,0.5,0.4,0.4,0.3,0.1,..,..
"Tasa de incidencia de la pobreza, sobre la base de $1,90 por día (2011 PPA) (% de la población)",SI.POV.DDAY,Puerto Rico,PRI,..,..,..,..,..,..,..,..,..,..,..,..
"Tasa de incidencia de la pobreza, sobre la base de $1,90 por día (2011 PPA) (% de la población)",SI.POV.DDAY,Qatar,QAT,..,..,..,..,..,..,..,..,..,..,..,..
"Tasa de incidencia de la pobreza, sobre la base de $1,90 por día (2011 PPA) (% de la población)",SI.POV.DDAY,"Región Administrativa Especial de Macao, China",MAC,..,..,..,..,..,..,..,..,..,..,..,..
"Tasa de incidencia de la pobreza, sobre la base de $1,90 por día (2011 PPA) (% de la población)",SI.POV.DDAY,Reino Unido,GBR,..,0.2,0.2,0.2,0.2,0.1,0.2,0.3,..,..,..,..
"Tasa de incidencia de la pobreza, sobre la base de $1,90 por día (2011 PPA) (% de la población)",SI.POV.DDAY,República Árabe Siria,SYR,..,..,..,..,..,..,..,..,..,..,..,..
"Tasa de incidencia de la pobreza, sobre la base de $1,90 por día (2011 PPA) (% de la población)",SI.POV.DDAY,República Centroafricana,CAF,..,..,..,..,..,..,..,..,..,..,..,..
"Tasa de incidencia de la pobreza, sobre la base de $1,90 por día (2011 PPA) (% de la población)",SI.POV.DDAY,República Checa,CZE,..,..,0,0,0,0,0,0,0,0,..,..
"Tasa de incidencia de la pobreza, sobre la base de $1,90 por día (2011 PPA) (% de la población)",SI.POV.DDAY,República de Moldova,MDA,..,35.1,0.3,0.1,0,0,0.2,0.1,0,0,..,..
"Tasa de incidencia de la pobreza, sobre la base de $1,90 por día (2011 PPA) (% de la población)",SI.POV.DDAY,República Democrática Popular Lao,LAO,..,..,14.5,..,..,..,..,..,10,..,..,..
"Tasa de incidencia de la pobreza, sobre la base de $1,90 por día (2011 PPA) (% de la población)",SI.POV.DDAY,República Dominicana,DOM,..,5.5,2.6,2.2,2.1,1.8,1.6,0.7,0.4,0.6,0.8,..
"Tasa de incidencia de la pobreza, sobre la base de $1,90 por día (2011 PPA) (% de la población)",SI.POV.DDAY,República Eslovaca,SVK,..,..,0.3,0.3,0.6,0.7,1.3,0.2,0.2,0.1,..,..
"Tasa de incidencia de la pobreza, sobre la base de $1,90 por día (2011 PPA) (% de la población)",SI.POV.DDAY,Ribera Occidental y Gaza,PSE,..,..,..,..,..,..,0.8,..,..,..,..,..
"Tasa de incidencia de la pobreza, sobre la base de $1,90 por día (2011 PPA) (% de la población)",SI.POV.DDAY,Rumania,ROU,..,..,5.6,6,6.5,4.6,2.8,3.1,2.4,2,..,..
"Tasa de incidencia de la pobreza, sobre la base de $1,90 por día (2011 PPA) (% de la población)",SI.POV.DDAY,Rwanda,RWA,..,78,..,57.9,..,..,56.5,..,..,..,..,..
"Tasa de incidencia de la pobreza, sobre la base de $1,90 por día (2011 PPA) (% de la población)",SI.POV.DDAY,Saint Kitts y Nevis,KNA,..,..,..,..,..,..,..,..,..,..,..,..
"Tasa de incidencia de la pobreza, sobre la base de $1,90 por día (2011 PPA) (% de la población)",SI.POV.DDAY,Samoa,WSM,..,..,..,1.1,..,..,..,..,..,..,..,..
"Tasa de incidencia de la pobreza, sobre la base de $1,90 por día (2011 PPA) (% de la población)",SI.POV.DDAY,Samoa Americana,ASM,..,..,..,..,..,..,..,..,..,..,..,..
"Tasa de incidencia de la pobreza, sobre la base de $1,90 por día (2011 PPA) (% de la población)",SI.POV.DDAY,San Marino,SMR,..,..,..,..,..,..,..,..,..,..,..,..
"Tasa de incidencia de la pobreza, sobre la base de $1,90 por día (2011 PPA) (% de la población)",SI.POV.DDAY,San Vicente y las Granadinas,VCT,..,..,..,..,..,..,..,..,..,..,..,..
"Tasa de incidencia de la pobreza, sobre la base de $1,90 por día (2011 PPA) (% de la población)",SI.POV.DDAY,Santa Lucía,LCA,..,..,..,..,..,..,4.6,..,..,..,..,..
"Tasa de incidencia de la pobreza, sobre la base de $1,90 por día (2011 PPA) (% de la población)",SI.POV.DDAY,Santo Tomé y Príncipe,STP,..,31.4,..,..,..,..,..,25.6,..,..,..,..
"Tasa de incidencia de la pobreza, sobre la base de $1,90 por día (2011 PPA) (% de la población)",SI.POV.DDAY,Senegal,SEN,..,..,..,..,..,..,..,..,7.6,..,..,..
"Tasa de incidencia de la pobreza, sobre la base de $1,90 por día (2011 PPA) (% de la población)",SI.POV.DDAY,Serbia,SRB,..,..,5.3,5.8,6.9,6.6,6.4,5.4,2.9,2.3,..,..
"Tasa de incidencia de la pobreza, sobre la base de $1,90 por día (2011 PPA) (% de la población)",SI.POV.DDAY,Seychelles,SYC,..,..,..,1.2,..,..,..,..,0.5,..,..,..
"Tasa de incidencia de la pobreza, sobre la base de $1,90 por día (2011 PPA) (% de la población)",SI.POV.DDAY,Sierra Leona,SLE,..,..,..,..,..,..,..,..,43,..,..,..
"Tasa de incidencia de la pobreza, sobre la base de $1,90 por día (2011 PPA) (% de la población)",SI.POV.DDAY,Singapur,SGP,..,..,..,..,..,..,..,..,..,..,..,..
"Tasa de incidencia de la pobreza, sobre la base de $1,90 por día (2011 PPA) (% de la población)",SI.POV.DDAY,Sint Maarten (Dutch part),SXM,..,..,..,..,..,..,..,..,..,..,..,..
"Tasa de incidencia de la pobreza, sobre la base de $1,90 por día (2011 PPA) (% de la población)",SI.POV.DDAY,Somalia,SOM,..,..,..,..,..,..,..,68.6,..,..,..,..
"Tasa de incidencia de la pobreza, sobre la base de $1,90 por día (2011 PPA) (% de la población)",SI.POV.DDAY,Sri Lanka,LKA,9.3,..,1.9,..,..,..,0.9,..,..,..,..,..
"Tasa de incidencia de la pobreza, sobre la base de $1,90 por día (2011 PPA) (% de la población)",SI.POV.DDAY,Sudáfrica,ZAF,..,34.8,..,..,18.7,..,..,..,..,..,..,..
"Tasa de incidencia de la pobreza, sobre la base de $1,90 por día (2011 PPA) (% de la población)",SI.POV.DDAY,Sudán,SDN,..,..,..,..,12.2,..,..,..,..,..,..,..
"Tasa de incidencia de la pobreza, sobre la base de $1,90 por día (2011 PPA) (% de la población)",SI.POV.DDAY,Sudán del Sur,SSD,..,..,..,..,..,..,76.5,..,..,..,..,..
"Tasa de incidencia de la pobreza, sobre la base de $1,90 por día (2011 PPA) (% de la población)",SI.POV.DDAY,Suecia,SWE,..,0,0.5,0.6,0.5,0.4,0.3,0.2,0.7,0.3,..,..
"Tasa de incidencia de la pobreza, sobre la base de $1,90 por día (2011 PPA) (% de la población)",SI.POV.DDAY,Suiza,CHE,..,0,0,0,0,0,0,0,0,..,..,..
"Tasa de incidencia de la pobreza, sobre la base de $1,90 por día (2011 PPA) (% de la población)",SI.POV.DDAY,Suriname,SUR,..,..,..,..,..,..,..,..,..,..,..,..
"Tasa de incidencia de la pobreza, sobre la base de $1,90 por día (2011 PPA) (% de la población)",SI.POV.DDAY,Tailandia,THA,9.2,2.4,0.1,0,0,0,0,0,0,0.1,0,..
"Tasa de incidencia de la pobreza, sobre la base de $1,90 por día (2011 PPA) (% de la población)",SI.POV.DDAY,Tanzanía,TZA,..,86.2,..,..,..,..,..,..,49.4,..,..,..
"Tasa de incidencia de la pobreza, sobre la base de $1,90 por día (2011 PPA) (% de la población)",SI.POV.DDAY,Tayikistán,TJK,..,..,..,..,..,4.1,..,..,..,..,..,..
"Tasa de incidencia de la pobreza, sobre la base de $1,90 por día (2011 PPA) (% de la población)",SI.POV.DDAY,Timor-Leste,TLS,..,..,..,..,22,..,..,..,..,..,..,..
"Tasa de incidencia de la pobreza, sobre la base de $1,90 por día (2011 PPA) (% de la población)",SI.POV.DDAY,Togo,TGO,..,..,..,..,..,51.1,..,..,24.1,..,..,..
"Tasa de incidencia de la pobreza, sobre la base de $1,90 por día (2011 PPA) (% de la población)",SI.POV.DDAY,Tonga,TON,..,2.5,..,..,..,1,..,..,..,..,..,..
"Tasa de incidencia de la pobreza, sobre la base de $1,90 por día (2011 PPA) (% de la población)",SI.POV.DDAY,Trinidad y Tobago,TTO,..,..,..,..,..,..,..,..,..,..,..,..
"Tasa de incidencia de la pobreza, sobre la base de $1,90 por día (2011 PPA) (% de la población)",SI.POV.DDAY,Túnez,TUN,10.7,6,..,..,..,0.2,..,..,..,..,..,..
"Tasa de incidencia de la pobreza, sobre la base de $1,90 por día (2011 PPA) (% de la población)",SI.POV.DDAY,Turkmenistán,TKM,..,..,..,..,..,..,..,..,..,..,..,..
"Tasa de incidencia de la pobreza, sobre la base de $1,90 por día (2011 PPA) (% de la población)",SI.POV.DDAY,Turquía,TUR,..,..,0.1,0.3,0.2,0.2,0.2,0.1,0,0.4,..,..
"Tasa de incidencia de la pobreza, sobre la base de $1,90 por día (2011 PPA) (% de la población)",SI.POV.DDAY,Tuvalu,TUV,..,..,..,..,..,..,..,..,..,..,..,..
"Tasa de incidencia de la pobreza, sobre la base de $1,90 por día (2011 PPA) (% de la población)",SI.POV.DDAY,Ucrania,UKR,..,..,0,0,0,0,0,0,0,0,0,..
"Tasa de incidencia de la pobreza, sobre la base de $1,90 por día (2011 PPA) (% de la población)",SI.POV.DDAY,Uganda,UGA,..,..,35.7,..,..,..,41.3,..,..,41,..,..
"Tasa de incidencia de la pobreza, sobre la base de $1,90 por día (2011 PPA) (% de la población)",SI.POV.DDAY,Uruguay,URY,..,..,0.2,0.2,0.1,0.1,0.1,0.1,0.1,0.1,0.2,..
"Tasa de incidencia de la pobreza, sobre la base de $1,90 por día (2011 PPA) (% de la población)",SI.POV.DDAY,Uzbekistán,UZB,..,61.5,..,..,..,..,..,..,..,..,..,..
"Tasa de incidencia de la pobreza, sobre la base de $1,90 por día (2011 PPA) (% de la población)",SI.POV.DDAY,Vanuatu,VUT,..,..,..,..,..,..,..,..,..,8.6,..,..
"Tasa de incidencia de la pobreza, sobre la base de $1,90 por día (2011 PPA) (% de la población)",SI.POV.DDAY,Venezuela,VEN,..,..,..,..,..,..,..,..,..,..,..,..
"Tasa de incidencia de la pobreza, sobre la base de $1,90 por día (2011 PPA) (% de la población)",SI.POV.DDAY,Viet Nam,VNM,..,..,2.7,..,2.6,..,1.8,..,1.8,..,..,..
"Tasa de incidencia de la pobreza, sobre la base de $1,90 por día (2011 PPA) (% de la población)",SI.POV.DDAY,"Yemen, Rep. del",YEM,..,..,..,..,18.3,..,..,..,..,..,..,..
"Tasa de incidencia de la pobreza, sobre la base de $1,90 por día (2011 PPA) (% de la población)",SI.POV.DDAY,Zambia,ZMB,..,..,..,..,..,58.7,..,..,..,..,..,..
"Tasa de incidencia de la pobreza, sobre la base de $1,90 por día (2011 PPA) (% de la población)",SI.POV.DDAY,Zimbabwe,ZWE,..,..,..,..,..,..,..,33.9,..,39.5,..,..
,,,,,,,,,,,,,,,
,,,,,,,,,,,,,,,
,,,,,,,,,,,,,,,
Data from Database: Indicadores del desarrollo mundial,,,,,,,,,,,,,,,
Last Updated: 06/30/2022,,,,,,,,,,,,,,,
